,Technology Skills
0,java
1,object oriented
2,relational database
3,sql
4,jpa2
5,hibernate
6,mybatis
7,git
8,maven
9,gradle
10,continuous integration
11,continuous delivery
12,development processes
13,jenkins
14,bamboo
15,analytical
16,conceptual
17,data models
18,naming convention
19,high throughput
20,access services
21,profile data
22,data model
23,analytics
24,integrations
25,enterprise architectures
26,e
27,data warehouse
28,datum mart
29,profiling
30,algorithms
31,python
32,scala
33,programming
34,mysql
35,nosql
36,processing engines
37,apache spark
38,apache flink
39,apache kafka
40,aws kinesis
41,gcp
42,cloud platform
43,unix
44,linux
45,scripting
46,tcp ip
47,docker
48,kubernetes
49,api gateway
50,load balancers
51,map
52,reliable
53,multicast
54,paxos
55,github
56,microservices
57,rest apis
58,writing
59,ruby
60,bazel
61,websocket
62,redis
63,javascript
64,html
65,css
66,web ui
67,libraries
68,angular
69,ember
70,knockout
71,component libraries
72,vue
73,bootstrap
74,typescript
75,dependency injection
76,amd
77,requirejs
78,commonjs
79,stylesheet languages
80,sass
81,redux
82,reactive
83,rxjs
84,service orient architecture
85,consuming service
86,layers
87,scalable
88,json
89,architectural pattern
90,eclipse
91,netbeans
92,troubleshooting
93,mongodb
94,cassandra
95,java application server
96,application server
97,oracle weblogic
98,tomcat
99,jasmine
100,protractor
101,junit
102,chrome
103,responsive design
104,performance auditing
105,perforce
106,scrum
107,problem solve
108,django
109,flask
110,linux command
111,usability
112,hive
113,tensorflow
114,mesos
115,benchmarking
116,user interface
117,qt
118,qml
119,c++
120,embedded linux systems
121,network protocol
122,yocto
123,new product
124,product platforms
125,devops
126,best practices
127,long term
128,delivery process
129,reliability
130,security protocols
131,governance
132,term long term
133,abstraction
134,e commerce
135,product development
136,end end
137,scale
138,large scale systems
139,threading
140,oriented programming
141,object orient programming
142,web application
143,backend
144,react js
145,webpack
146,markup language
147,html5
148,data modeling
149,testing frameworks
150,architectural development
151,congruence
152,compatibility
153,based solutions
154,statistical
155,validation
156,cleanliness
157,datasets
158,dataset
159,biostatistical
160,macros
161,timelines
162,integrated databases
163,accountability
164,budget
165,adam
166,bid
167,operational
168,computer science
169,base sas
170,sas stat
171,sas macro
172,leadership
173,communication skills
174,detail orient
175,data engineer
176,agile
177,analysis data
178,big datum
179,data pipelines
180,analytical technique
181,etl
182,redshift
183,emr
184,dynamodb
185,kinesis
186,tableau
187,real time
188,google cloud
189,data visualization
190,mapreduce aws
191,pyspark
192,aws glue
193,data software
194,software developer
195,predictive analytic
196,decision model
197,data mining
198,algorithm design
199,agile development
200,collaborative filtering
201,mobile application
202,appstore
203,xcode
204,restful api
205,software engineers
206,self starter
207,google cloud platform
208,windows environments
209,hypervisors
210,file
211,kubernetes service
212,elastic compute
213,sprint planning
214,design consideration
215,object oriented languages
216,soa
217,entity framework
218,nhibernate
219,tdd
220,nunit
221,xunit
222,oop
223,public cloud
224,script
225,persistent
226,data retrieval
227,designs queries
228,microsoft sql server
229,debugging
230,performance optimization
231,xamarin
232,business requirement
233,transforms business
234,debug
235,test case
236,prototypes
237,linq
238,xamarin form
239,xamarin ios xamarin
240,xamarin studio
241,apple io
242,android
243,xaml
244,azure active directory
245,active directory
246,hockeyapp
247,visual studio
248,studio app
249,automation testing
250,agile methodology
251,library
252,pcl
253,sqlite
254,sap hana
255,api
256,rest api
257,integration
258,swift
259,self motivated
260,crm
261,cms
262,maintainable
263,testable
264,technical documentation
265,data formats
266,data transformations
267,functional design
268,infrastructure
269,indexes
270,feature engineering
271,site reliability
272,cloud computing
273,containerization
274,clojure
275,node
276,operational efficiency
277,automated build
278,collaborative
279,product engineering
280,refinement
281,software development
282,emerge technology
283,scripts
284,automated
285,data annotation
286,biotechnology
287,data manipulation
288,catalogue
289,homebrew
290,file format
291,genomic
292,elasticsearch
293,kibana
294,constructive feedback
295,knowledge base
296,firewalls
297,ipsec
298,vpn
299,sso
300,encryption
301,based systems
302,ldap
303,tcpdump
304,dns
305,dhcp
306,empathy
307,zendesk
308,tooling
309,pandas
310,numpy
311,deep learning
312,pytorch
313,keras
314,automation
315,recommender system
316,cyber security
317,security domain
318,mathematical models
319,exploratory datum analysis
320,data sets
321,machine learning
322,computer programs
323,life cycle
324,impact assessment
325,test plans
326,aci
327,java development
328,development languages
329,services architecture
330,openshift
331,services deployment
332,nginx
333,tortoisegit
334,bitbucket
335,jira
336,mockito
337,database server
338,postgresql
339,shell script
340,apache commons
341,apache poi
342,xml
343,xsd
344,apache ant
345,bash
346,jdbc
347,liquibase
348,java message service
349,jms
350,elixir
351,phoenix
352,graphql
353,sidekiq
354,rabbitmq
355,rspec
356,jest
357,esports
358,time series
359,druid
360,influxdb
361,prometheus
362,design patterns
363,design specification
364,coordination
365,front end
366,web page
367,mobile application development
368,application development
369,commercial software
370,software system
371,system implementation
372,custom web
373,responsive web
374,automated testing
375,testing suites
376,mocha
377,flux
378,design pattern
379,hotfixes
380,grafana
381,stackdriver
382,cloudwatch
383,distribute database
384,database system
385,performance profiling
386,node js
387,kotlin
388,software engineering
389,secure code
390,object oriented language
391,communication
392,high availability
393,low latency
394,persistence
395,scalability
396,terraform
397,open source
398,core api
399,infrastructure automation
400,mentorship
401,codebases
402,curiosity
403,ph
404,discretization
405,sampling
406,linear regression
407,neural networks
408,positive attitude
409,english
410,verbal communication skills
411,ccna
412,ccnp
413,microsoft azure
414,coding languages
415,linux systems
416,information retrieval
417,operating
418,reinforcement learning
419,stakeholder communication
420,natural language
421,netsuite
422,erp
423,system integration
424,electronic fund transfer
425,bank
426,billing
427,salesforce com
428,suitescript
429,web service
430,suitetalk
431,user provisioning
432,scheduling
433,interactive communication
434,message queues
435,react
436,web development
437,web app
438,workflows
439,2d
440,vm
441,management
442,cloud drive cloud
443,ios application
444,verbal communication skill
445,multiplatform
446,mobile testing
447,fastlane
448,android sdk
449,android application
450,cross functional
451,estimation
452,resiliency
453,instrumentation
454,mapping
455,control automations
456,triage
457,logstash
458,automation systems
459,high performance
460,performance networking
461,quic
462,network layer
463,real time protocols
464,http2
465,mqtt
466,sniffers
467,udp
468,compute platform
469,operability
470,resilience
471,failover
472,organic growth
473,self service
474,monitoring systems
475,ansible
476,puppet
477,stream processing
478,datum processing system
479,mapreduce
480,data science
481,data processing
482,network topology
483,white label
484,label
485,social
486,economies
487,friendly
488,modularity
489,c
490,b
491,console game
492,delivery pipeline
493,operating system
494,subversion
495,game development
496,lua
497,php
498,blockchain
499,user experience
500,build pipeline
501,sustainable
502,transferable technologies
503,vert x
504,application framework
505,service application
506,seo
507,branded
508,ethereum
509,system architecture
510,web server
511,apache nifi
512,vulnerabilities
513,test environments
514,automation infrastructure
515,operating systems
516,unix systems
517,test automation
518,online services
519,data system
520,adaptability
521,cloud services
522,experience design
523,technical writing
524,functional programming
525,indicators
526,functional requirement
527,new development
528,yarn
529,browser compatibility
530,web accessibility
531,problem management
532,schedules
533,audit
534,network troubleshooting
535,linux distribution
536,installation
537,performance tuning
538,network service
539,smtp
540,hypervisor
541,hyper v
542,virtualization
543,network load
544,configuration management
545,managing networking
546,estimations
547,language specifications
548,syntax
549,next js
550,aesthetics
551,cloud service
552,service provider
553,code review
554,sql databases
555,data storage
556,tested systems
557,oss
558,api design
559,work environment
560,sonatype
561,site reliability engineering
562,reliability engineering
563,haskell
564,research
565,data pipeline
566,uptime
567,hbase
568,data warehouses
569,databricks
570,jupyter notebook
571,confluence
572,prototype
573,dayforce
574,enterprise application
575,intellectual curiosity
576,collaboration
577,web service protocol
578,wcf
579,import export
580,performance optimizations
581,web framework
582,mobile applications
583,development environment
584,innovative
585,cloud applications
586,business acumen
587,powershell
588,cloud native architecture
589,object orient design
590,deployment systems
591,logging
592,oauth
593,openid
594,multi factor authentication
595,web application security
596,application security
597,javascript library
598,dojo
599,jquery
600,sql database
601,agile project
602,azure devops
603,build process
604,cloud platforms
605,linux kernel
606,javascript framework
607,kotlin kotlin
608,ios development
609,workforce management
610,distributed team
611,cross functional team
612,testing development
613,automate testing framework
614,selenium
615,gherkin
616,cucumber
617,specflow
618,code maintainability
619,analysis databases
620,derived
621,quality control
622,supervision
623,forecasts
624,query optimization
625,development capabilities
626,product lifecycle
627,asp net
628,store procedure
629,analytic
630,cloud azure
631,application deployment
632,software deployment
633,ubuntu
634,centos
635,infrastructure management
636,chef
637,networking protocols
638,graphing
639,cloud infrastructure
640,use cases
641,data security
642,data governance
643,source datum
644,maintainable code
645,athena
646,dataflow
647,bigquery
648,application programming interface
649,dataframe
650,airflow
651,oozie
652,luigi
653,talend
654,warehousing
655,processing design
656,payload
657,throughput
658,budgets
659,communication satellite
660,payloads
661,pipe
662,subsystem
663,antenna
664,link budget
665,calculation
666,presentation
667,french
668,performance metric
669,templates
670,procurement
671,licensing
672,capacity planning
673,fpga
674,agile software development
675,scripting languages
676,groovy
677,linux system administration
678,system administration
679,hardening
680,gitlab
681,azure cloud
682,load balance
683,tls
684,gui tools
685,virtualbox
686,secure infrastructure
687,geography
688,operation
689,alm
690,release management
691,testing scripts
692,scripting language
693,complex problems
694,continuous improvements
695,deep dives
696,user journeys
697,technical design
698,middleware
699,acceptance testing
700,audits
701,post production
702,production support
703,project scoping
704,soap
705,xsds
706,xslt
707,siebel workflow
708,exception handling
709,eai
710,business services
711,enterprise architecture
712,experimentation
713,positive
714,vxworks
715,rtems
716,communications
717,ethercat
718,build automation
719,ad
720,active directory federation service
721,fs
722,active directory right management service
723,mfa
724,fim
725,system configuration
726,project documentation
727,runbook
728,subject matter
729,architectural design
730,saml
731,networking services
732,immutable
733,project resource
734,mobility
735,archiving
736,microsoft 365
737,cloud technology
738,professional
739,decision make
740,key candidate
741,key management
742,integrated
743,vpc
744,management automation tools
745,siem
746,telemetry
747,penetration testing
748,static analysis
749,a b testing
750,monolith
751,strategic roadmap
752,customer problems
753,secure software
754,testability
755,maintainability
756,ada
757,back end
758,workflow
759,schedulers
760,azure services
761,file synchronization
762,plastic scm
763,test tools
764,software product
765,product designers
766,quality assurance
767,parameters
768,test procedures
769,testing automation
770,software development methodology
771,targets
772,datadog
773,zabbix
774,sas
775,macro
776,data mapping
777,archive
778,milestones
779,project manager
780,process improvement
781,account manager
782,organizational skill
783,case report form
784,crfs
785,programming procedures
786,analysis algorithm
787,revisions
788,new hires
789,quality improvement
790,standardized programming
791,statistical analysis
792,electronic
793,write communication
794,containerized
795,systems administration
796,linux administration
797,apache airflow
798,managed
799,gcloud
800,auto scaling
801,healing
802,gke
803,firewall
804,data ingestion
805,sqoop
806,design frameworks
807,data architectures
808,data engineering
809,apache hadoop
810,hdfs
811,flume
812,avro
813,parquet
814,mac os
815,package management
816,testing framework
817,sap successfactor
818,software module
819,automation tests
820,product functionality
821,xero
822,test
823,aws codebuild
824,automated tests
825,target
826,automated test
827,embed system
828,m
829,gerrit
830,engineering problems
831,scm
832,selinux
833,cts
834,telephony
835,layer
836,humility
837,houdini
838,shotgun
839,manager
840,osi model
841,lan
842,ip routing
843,ethernet
844,ixia
845,wireless protocols
846,wlan
847,radius
848,subsystems
849,reviews peer
850,technical consulting
851,sales skills
852,new hire
853,advises
854,financing
855,technology solution
856,value proposition
857,integrated technology
858,cisco
859,netapp
860,customer events
861,presentations
862,mapped
863,thoughtful leadership
864,cobit
865,vulnerability management
866,industry standard
867,underwriting
868,gosu
869,dependency management
870,artifactory
871,functional testing
872,resilient
873,metadata
874,management tools
875,analytics skills
876,data management
877,data quality
878,object object
879,object function
880,database programming
881,aurora
882,sql server
883,data integration
884,integration technologies
885,cdc
886,message oriented
887,stream data
888,microstrategy
889,semantic
890,data
891,data discovery
892,knime
893,alteryx
894,aws elastic
895,elastic container service
896,energetic
897,regulatory compliance
898,mitigations
899,dashboards
900,security technology
901,ips
902,anti virus
903,endpoint protection
904,application firewall
905,akamai
906,testing tools
907,pci
908,dss
909,content filter
910,iam
911,ftp
912,analytic skills
913,yaml
914,investigative
915,microsoft certifications
916,brainstorm
917,codebase
918,appium
919,smart device
920,firefox
921,rust
922,threat modeling
923,review design
924,design documents
925,blazemeter
926,jmeter
927,azure cloud service
928,automation test
929,test projects
930,selenium webdriver
931,postman
932,swagger
933,revenue forecasts
934,graph
935,integration design
936,dell boomi
937,api management
938,successfactors
939,fieldglass
940,operational management
941,schedule
942,regression testing
943,distribute development
944,service architecture
945,wiremock
946,snmp
947,tcp
948,telegraf
949,collectd
950,fluentd
951,netflow
952,knit
953,implementation
954,implementation projects
955,netezza
956,spring boot
957,messaging systems
958,scrum masters
959,mba
960,onestream
961,agile delivery
962,stage
963,product suite
964,rapid prototyping
965,distributed systems
966,unit testing
967,business solutions
968,revision
969,dos
970,unstructured datum
971,application service
972,computing platform
973,development methodologies
974,relay
975,enzyme
976,vue js
977,wind turbine
978,cloudformation
979,single page application
980,animations
981,teamwork
982,analytical skill
983,gatsby
984,hybris
985,cloud architecture
986,manage service
987,it service management
988,service management
989,cpq
990,ember js
991,product defect
992,conceptual design
993,product documentation
994,object modelling
995,landscape
996,technical designs solutions
997,solution architecture
998,consulting
999,programming concept
1000,operations
1001,solution designers
1002,designed software
1003,blogs
1004,ideation
1005,customer experience
1006,syngas
1007,construction
1008,fabrication
1009,chemical engineering
1010,mechanical
1011,professional engineer
1012,pressurized vessels
1013,data streams
1014,development methods
1015,c #
1016,automation processes
1017,interface design
1018,compute engine
1019,google engine
1020,database design
1021,programming languages
1022,storyboards
1023,multithreaded
1024,production system
1025,deployment solutions
1026,google kubernete engine
1027,pre production
1028,professional cloud architect
1029,aws certify cloud practitioner
1030,mcsa
1031,windows server
1032,server
1033,kms
1034,message broker
1035,computation engines
1036,flink
1037,sustainment plans
1038,coordinate
1039,microsoft sql
1040,agile framework
1041,merchandising promotion
1042,planning
1043,abstract
1044,single page
1045,angular ui
1046,information technology
1047,marketplace
1048,db2
1049,document software
1050,spring framework
1051,spring cloud
1052,message queue
1053,testng
1054,mscs
1055,management technologies
1056,job scheduling
1057,gce
1058,firmware
1059,embed software
1060,software design
1061,embedded
1062,cortex m
1063,arm
1064,simulated
1065,revision control
1066,bug tracking
1067,wireless networks
1068,bluetooth
1069,zigbee
1070,toolkit
1071,freertos
1072,industry 4 0
1073,technical debt
1074,prioritization
1075,prioritize
1076,open source technology
1077,scrum master
1078,serverless computing
1079,transaction management
1080,session
1081,based code
1082,mitigating
1083,follow ups
1084,overall effectiveness
1085,object model
1086,ecmascript
1087,jsx
1088,jwt
1089,authorization
1090,heroku
1091,queueing systems
1092,resque
1093,cleanroom
1094,robotic automation
1095,gem
1096,ad hoc
1097,business intelligence
1098,executing
1099,analytic processes
1100,design concepts
1101,problem solving
1102,visual
1103,validation protocol
1104,software documentation
1105,consultants
1106,jsf
1107,web 2 0
1108,modeling language
1109,java enterprise
1110,sql server integration service
1111,ssis
1112,qualifications skills
1113,data modelling
1114,global deliveries
1115,sybase
1116,udb
1117,aggregate function
1118,statistical models
1119,creative
1120,sonar
1121,financial service
1122,onboarding
1123,technical consultant
1124,end system
1125,proprietary software
1126,development methodology
1127,notification system
1128,swing
1129,unify modeling language
1130,uml
1131,scaled agile
1132,management system
1133,defect tracking
1134,std
1135,server applications
1136,functional specification
1137,technical designs
1138,enterprise java
1139,spring mvc
1140,team orientated
1141,splunk
1142,added value
1143,snowflake
1144,svn repository
1145,java services
1146,java ee
1147,ejb
1148,toolkits
1149,machine learn
1150,hcm
1151,data collection
1152,workday
1153,business logic
1154,prioritizing
1155,concurrent systems
1156,jvm
1157,nuget
1158,security environments
1159,perimeter
1160,security system
1161,operation management
1162,management service
1163,pulse
1164,networking concepts
1165,ipv4
1166,bccpa
1167,itil foundation
1168,test engineering
1169,engineering designs
1170,topologies
1171,peer review
1172,networking models
1173,deficiencies
1174,vulnerability
1175,security researcher
1176,penetration tester
1177,researchers
1178,hardware security module
1179,networking troubleshooting
1180,executable
1181,perl
1182,docker swarm
1183,intelligence data
1184,data products
1185,informatica
1186,ant
1187,new relic
1188,azure storage
1189,sonarqube
1190,devsecops
1191,account management
1192,security standards
1193,network programing
1194,battery
1195,react native
1196,mobile development
1197,development tools
1198,tenacity
1199,continuous improvement
1200,mitigation
1201,data classifications
1202,security architectures
1203,analytical thinking
1204,secure authentication
1205,secure coding
1206,cryptography
1207,vulnerability assessment
1208,chatbots
1209,aws sagemaker
1210,workstations
1211,unit tests
1212,application design
1213,data stores
1214,honed
1215,operationalization
1216,apply mathematic
1217,azure db
1218,azure sql
1219,data lake
1220,azure databrick
1221,cosmos db
1222,data migration
1223,managing projects
1224,phase
1225,resource projects
1226,microsoft platforms
1227,developing software
1228,mappings
1229,data integrations
1230,marketing cloud
1231,google analytic
1232,webhooks
1233,data validation
1234,marketing automation
1235,communicating technical
1236,fault tolerant
1237,real time streaming
1238,integrative thinking
1239,non recurring
1240,hdr
1241,high resolution
1242,resolution displays
1243,asic
1244,diagnostic tool
1245,business technology
1246,force com
1247,visualforce
1248,apex
1249,sales
1250,service cloud
1251,mulesoft
1252,erlang
1253,multi factor
1254,twilio
1255,salesforce certified
1256,soql
1257,application integration
1258,eloqua
1259,enterprise application integration
1260,hosting
1261,boomi
1262,appdynamics
1263,high level
1264,salesforce certification
1265,cloud native application
1266,instructional design
1267,managing
1268,backlogs
1269,markdown
1270,agile project management
1271,project management
1272,openstack
1273,operators
1274,production software
1275,tutorials
1276,tracking software
1277,pyqt
1278,pyside
1279,aaa game
1280,shell scripting
1281,programming language
1282,stewardship
1283,microsoft certify professional
1284,scheduler
1285,system specifications
1286,system design
1287,msc
1288,biostatistics
1289,good clinical practice
1290,clinical practice
1291,ich guideline
1292,data structure
1293,algorithm
1294,performance networked
1295,userspace
1296,routing protocols
1297,ospf
1298,network security
1299,authentication services
1300,meraki
1301,web uis
1302,vlan
1303,ipv6
1304,xen
1305,servant leadership
1306,management style
1307,executable plan
1308,cryptocurrency
1309,designed apis
1310,backlog
1311,performance testing
1312,test script
1313,perspective
1314,developer certified
1315,interoperability
1316,radio systems
1317,integration processes
1318,information infrastructure
1319,digitized
1320,risk assessments
1321,secret clearance
1322,autosar
1323,electronics
1324,lauterbach
1325,corrective action
1326,wireframes
1327,diagrams
1328,mockups
1329,backends
1330,resource libraries
1331,product demonstration
1332,exhibits
1333,architecture diagrams
1334,oriented design
1335,software quality
1336,drive testing
1337,figma
1338,invision
1339,storyboard
1340,agile management
1341,versionone
1342,basic networking
1343,document databases
1344,software requirements
1345,requirement specification
1346,wireless communication
1347,test execution engine
1348,rigs
1349,robot framework
1350,unit test
1351,spectrum analyzer
1352,oscilloscopes
1353,signal generator
1354,communication system
1355,test development
1356,servicenow
1357,installing
1358,workflow automation
1359,service catalog
1360,integration tests
1361,scripted
1362,ajax
1363,incident management
1364,unix shell
1365,java collections
1366,ui web
1367,web component
1368,pl sql
1369,creative problem solve
1370,articulation
1371,workflow technology
1372,camunda
1373,transactional databases
1374,object oriented development
1375,com
1376,marketplaces
1377,stakes
1378,decision making
1379,distribute computing
1380,distribute computing environment
1381,finance
1382,banking
1383,event data
1384,structured data
1385,data sources
1386,software products
1387,embedded systems
1388,compression
1389,probability theory
1390,intellectual property
1391,intellectual property portfolio
1392,agile software
1393,resourceful
1394,google apis
1395,open source software
1396,human interface
1397,desktop interface
1398,design review
1399,storytelling
1400,editing
1401,udk
1402,game design
1403,verbal skills
1404,data platform
1405,product management
1406,based interfaces
1407,web apps
1408,data ingestions
1409,explorable data
1410,network segmentation
1411,computer networking
1412,theano
1413,serverless
1414,apollo graphql
1415,web project
1416,service based
1417,cloud architectures
1418,private cloud
1419,solution deployment
1420,measurable performance
1421,aws lambda
1422,nodes
1423,disaster recovery
1424,b testing
1425,networking routing
1426,product supportability
1427,computation systems
1428,java tools
1429,appealing
1430,mock up
1431,implementation project
1432,team building
1433,professionalism
1434,personal attributes
1435,support deployment
1436,task planning
1437,matlab
1438,labview
1439,software defined
1440,oscilloscope
1441,usb
1442,scale agile framework
1443,data systems
1444,togaf
1445,zachman framework
1446,software architecture
1447,design code
1448,test scenarios
1449,software development life cycle
1450,web applications
1451,www
1452,transparency
1453,agility
1454,test equipment
1455,resource efficient
1456,user design
1457,docker container
1458,radio protocol
1459,net core
1460,investigate
1461,brainstorming
1462,payment gateway
1463,xamarin ios
1464,project coordination
1465,lifecycle management
1466,loan origination
1467,customer support
1468,software installation
1469,ado
1470,corrective actions
1471,diagnostic analysis
1472,root cause analysis
1473,fiddler
1474,exploratory testing
1475,sanity testing
1476,distributed system
1477,testing tool
1478,agile frameworks
1479,agile test
1480,software engineer
1481,software methodologies
1482,design
1483,design experience
1484,preprocessors
1485,verbal communication
1486,conciseness
1487,openssl
1488,tested code
1489,data warehousing
1490,amazon redshift
1491,periscope
1492,star schemas
1493,topology
1494,subnetting
1495,iptables
1496,openvpn
1497,freeradius
1498,bind
1499,user interface design
1500,benchmarks
1501,modern software
1502,life cycles
1503,software configuration management
1504,integration test
1505,test scripting
1506,apache maven
1507,content repository
1508,php framework
1509,symfony
1510,laravel
1511,fuelphp
1512,lamp
1513,phpunit
1514,version control
1515,legible
1516,kpi reporting
1517,hoc analysis
1518,data wrangling
1519,graphs
1520,reporting suite
1521,power bi
1522,r
1523,web analytic
1524,test strategy
1525,scripting tests
1526,exploratory tests
1527,acceptance tests
1528,track
1529,advocacy
1530,teamcity
1531,geometric design
1532,autocad
1533,pds
1534,data file
1535,drug development
1536,pharmaceutical
1537,simulations
1538,technical solutions
1539,object relational
1540,cvi
1541,instruments
1542,fault
1543,software integration
1544,cse
1545,cloud native
1546,mit
1547,integrations tests
1548,quality engineers
1549,cloud engineer
1550,cloud engineering
1551,designated information
1552,prototyping
1553,exploitation
1554,computer simulation
1555,sci
1556,ts
1557,object orient programming language
1558,product quality
1559,windows platforms
1560,multithreading
1561,wix
1562,msi
1563,communication verbal
1564,distributed teams
1565,software bug
1566,operational risk
1567,software configuration
1568,emc
1569,isilon
1570,storage
1571,network architecture
1572,workstation
1573,innovations
1574,web technologies
1575,immutable js
1576,isomorphic
1577,json web token
1578,development process
1579,forecasting
1580,data analyses
1581,linear algebra
1582,conceptualization
1583,supervised
1584,dimensionality reduction
1585,hypothesis testing
1586,xgboost
1587,uas
1588,object orient software development
1589,automation integration
1590,podcasts
1591,tournaments
1592,coding language
1593,data structures
1594,datum dictionary
1595,think leadership
1596,process lifecycle
1597,data technologies
1598,operational excellence
1599,distributed locking
1600,balancing
1601,server side
1602,grails
1603,sap business
1604,business objects
1605,statistical modeling
1606,skype
1607,predictive
1608,credential assessment
1609,posix
1610,qnx
1611,protocol analyzer
1612,valgrind
1613,hardware modules
1614,toolchain
1615,flexbox
1616,asp net web api
1617,css framework
1618,grunt
1619,backbone js
1620,express js
1621,cakephp
1622,interactive
1623,bioinformatics
1624,rollup
1625,plan
1626,verification test
1627,software validation
1628,microprocessor
1629,do 178b c
1630,communication protocol
1631,architectural plans
1632,apache beam
1633,blazor
1634,aperture
1635,google analytics
1636,consistent data
1637,digital marketing
1638,marketing analytic
1639,digital datum
1640,digital data
1641,legislative
1642,service layer
1643,tier services
1644,tiers service
1645,apigee
1646,d3
1647,webgl
1648,visualization
1649,investigators
1650,three js
1651,user center design
1652,acoustics
1653,actuator
1654,functional safety
1655,internal standards
1656,interface specifications
1657,cascading
1658,cascade
1659,security analysis
1660,control system
1661,verification and validation
1662,digital interfaces
1663,tablet
1664,idea generating
1665,time constraint
1666,mechanical system
1667,structural composites
1668,data acquisition
1669,product design
1670,component design
1671,dfma
1672,drawings
1673,assembly drawing
1674,project stakeholder
1675,stakeholder management
1676,catia
1677,composite
1678,machining
1679,moulding
1680,traceability
1681,sitecore
1682,oracle database
1683,spreadsheet
1684,operational reporting
1685,specialist certifications
1686,cloud security
1687,collaborative design
1688,cybersecurity
1689,risk management
1690,risk management framework
1691,risk assessment
1692,compliance assessments
1693,rackspace
1694,database security
1695,support engineer
1696,engineer database
1697,database connectivity
1698,endpoint security
1699,scim
1700,tokenization
1701,advertising
1702,mobile app
1703,android development
1704,phantomjs
1705,adobe analytic
1706,amplitude
1707,anomaly detection
1708,user specifications
1709,rapport building
1710,innovation
1711,cross functional teams
1712,ux researchers
1713,blogging
1714,service enterprise
1715,service oriented
1716,net framework
1717,infrastructures
1718,ioc container
1719,optimized queries
1720,product managers
1721,case management
1722,case management system
1723,plans
1724,application software
1725,asp
1726,office automation
1727,sequence diagram
1728,hosted services
1729,nagios
1730,php developer
1731,code design
1732,xdebug
1733,production level
1734,object database
1735,good documentation
1736,telecommunications
1737,engineer senior
1738,medication therapy management
1739,act
1740,medicare
1741,healthcare service
1742,surgery
1743,clinical laboratories
1744,pharmaceuticals
1745,testing
1746,veracode
1747,code coverage
1748,java frameworks
1749,intranet
1750,extranet
1751,multimedia
1752,ado net
1753,database objects
1754,azure services services
1755,application insights
1756,motivated self
1757,design architectural
1758,gw
1759,software
1760,coordinating
1761,artificial intelligence
1762,fault tolerance
1763,software applications
1764,servers applications
1765,red hat linux
1766,kerberos
1767,batch script
1768,nas
1769,solaris
1770,java application
1771,rancher
1772,test suite
1773,android ui
1774,execution plan
1775,serviceable object
1776,web application development
1777,asp net core
1778,azure web app
1779,zapier
1780,memcached
1781,zookeeper
1782,open source testing
1783,relational model
1784,abstract factory
1785,design tool
1786,web designing
1787,application lifecycle management
1788,transformation
1789,transactional data
1790,azure data factory
1791,development tool
1792,eda
1793,adms
1794,customer relationships
1795,exhibiting
1796,best practice
1797,templating
1798,mariadb
1799,wordpress
1800,power platform
1801,kofax
1802,system software
1803,public safety
1804,safety system
1805,network system
1806,planned
1807,radio system
1808,supplier management
1809,powerapps
1810,security clearance
1811,government
1812,ide
1813,interpersonal communication
1814,compile
1815,product test
1816,staging
1817,database comparison
1818,redgate
1819,software testing
1820,dashboard
1821,mirth connect
1822,hl7 v2
1823,interface messages
1824,digital products
1825,technical solution
1826,toolchains
1827,bug tracking system
1828,vim
1829,event driven
1830,monoliths
1831,backwards compatibility
1832,based development
1833,easymock
1834,nightwatch js
1835,cloud foundry
1836,program designs
1837,integrated business
1838,computing environments
1839,enterprise software
1840,quality software
1841,computer engineering
1842,custom component
1843,developing custom
1844,lightning web component
1845,it infrastructure
1846,data virtualization
1847,denodo
1848,customer service
1849,service orientation
1850,load balancer
1851,template
1852,backend customization
1853,adobe photoshop
1854,illustrator
1855,loading times
1856,internet explorer
1857,progressive enhancement
1858,polyfills
1859,search engine optimization
1860,retina
1861,taxonomies
1862,experience designing
1863,animated
1864,grid system
1865,developer console
1866,object orient css
1867,customer engagement
1868,test design
1869,keycloak
1870,assessment technologies
1871,business continuity
1872,image
1873,object storage
1874,nifi
1875,web systems
1876,user experience design
1877,inquiries
1878,root cause
1879,c++ embedded
1880,serial communication
1881,modbus
1882,hardware design
1883,grid computing
1884,datum grid
1885,query language
1886,xquery
1887,server application
1888,java persistence
1889,java persistence api
1890,unreal engine
1891,dimensional modeling
1892,carrier grade
1893,3gpp
1894,data testing
1895,gpu
1896,opengl
1897,es
1898,3d graphics
1899,opengl opengl
1900,processor architecture
1901,display controllers
1902,blackberry
1903,jupyter
1904,software specifications
1905,post mortem
1906,real time system
1907,system development
1908,compiler
1909,acoustic
1910,signal processing
1911,mil
1912,engineer test
1913,specifications requirements
1914,requirement traceability
1915,team orient
1916,interaction design
1917,source
1918,testing accessibility
1919,device compatibility
1920,culturally diverse
1921,adobe experience manager
1922,adobe target
1923,nativescript
1924,propulsion
1925,system lifecycle
1926,mathematical modelling
1927,simulation
1928,bids
1929,3d modelling
1930,seasoned
1931,longer term
1932,java php
1933,database schema
1934,streaming data
1935,java sql
1936,cognito
1937,restify
1938,database storage
1939,unix command
1940,command line interface
1941,technical supervision
1942,automation system
1943,funnel
1944,design architectures
1945,proactiveness
1946,slack
1947,system projects
1948,system sale
1949,gimbal
1950,site survey
1951,system requirement
1952,system requirement specification
1953,system engineering
1954,work order
1955,support customer
1956,validation tests
1957,program management
1958,java 8
1959,database query
1960,indexing
1961,document product
1962,test environment
1963,execute
1964,process documentation
1965,furnish
1966,product functional
1967,project schedule
1968,design software
1969,roaming
1970,conformance testing
1971,runner
1972,runner testing
1973,multitasking
1974,error analysis
1975,reporting tool
1976,tracking
1977,detail orientation
1978,web portal
1979,ui automation
1980,cloud testing
1981,soapui
1982,automation testing framework
1983,testrail
1984,business system
1985,browser applications
1986,custom software
1987,creative problem
1988,document design
1989,franchise
1990,web languages
1991,socket io
1992,studio code
1993,android developer
1994,developer studio
1995,native native
1996,unix system
1997,research associate
1998,technical drawing
1999,installations
2000,web test
2001,clinical data
2002,security testing
2003,product team
2004,adoptions
2005,yield management
2006,microsoft excel
2007,display advertising
2008,low carbon
2009,ecm
2010,predicted
2011,pv
2012,cloud database
2013,programming general
2014,general
2015,language java
2016,industry software
2017,architecture framework
2018,web application framework
2019,java applications
2020,required specifications
2021,telecommuting
2022,faults
2023,edge technologies
2024,customer requirements
2025,security data
2026,application architecture
2027,user story
2028,translate
2029,empowerment
2030,webapi2
2031,android studio
2032,professional certifications
2033,webforms
2034,resharper
2035,cloud development
2036,project estimation
2037,behat
2038,iterative design
2039,web components
2040,lightning web
2041,auditing
2042,application packaging
2043,domain solutions
2044,configures servers
2045,charter engineer
2046,etap
2047,continuous improvement process
2048,numeracy
2049,neo4j
2050,ddd
2051,safe
2052,proactivity
2053,sourcing
2054,database developer
2055,pl pgsql
2056,altium designer
2057,design automated
2058,qms
2059,national qualification framework
2060,layout design
2061,altium
2062,component architectures
2063,demonstrable skills
2064,acls
2065,focused solutions
2066,purchase requisition
2067,subcontract
2068,environmental
2069,environmental testing
2070,vibration
2071,altitude
2072,salt
2073,fatigue
2074,computer literacy
2075,logical reasoning
2076,web design
2077,visual modeling
2078,idea intellij
2079,ext js
2080,management information system
2081,information system
2082,accounts
2083,azure service
2084,travis ci
2085,azure certifications
2086,ibm
2087,case
2088,windows servers
2089,dynatrace
2090,appian
2091,brand
2092,jquery ui
2093,self directed
2094,home automation
2095,cloudfront
2096,codepipeline
2097,digital advertising
2098,collection
2099,icims
2100,scalable test
2101,managers
2102,recruiting software
2103,driven development
2104,aws elastic beanstalk
2105,docker engineers
2106,graphic designers
2107,aws sdks
2108,aws sdk
2109,boto3
2110,prediction
2111,human machine interface
2112,engineering engineering
2113,engineering software
2114,physics
2115,simulink
2116,adobe livecycle
2117,adobe experience
2118,workbench
2119,required business
2120,functionality requirements
2121,rsa
2122,uft
2123,testing concepts
2124,agile product
2125,hp loadrunner
2126,development software
2127,citrix
2128,knowledge bases
2129,scheduled
2130,architecture solution
2131,aws service
2132,bucket
2133,automated infrastructure
2134,sns
2135,platform product
2136,licenses
2137,operating efficiencies
2138,data center
2139,collaboration tool
2140,spring batch
2141,added
2142,electrical
2143,managed cloud
2144,services infrastructure
2145,oracle cloud
2146,performance attributes
2147,resource utilization
2148,backup restore
2149,dr
2150,common framework
2151,kubernetes azure
2152,web container
2153,windows environment
2154,messaging services
2155,cancan
2156,java api
2157,fix
2158,sql server reporting service
2159,effective visualization
2160,supportive engineering
2161,apache tomcat
2162,electrical mechanical software
2163,recipes
2164,production code
2165,m3
2166,m4
2167,gnu toolchain
2168,electronics engineering
2169,electrical engineering
2170,motion systems
2171,stepper motor
2172,vacuum pump
2173,robotics
2174,real time operating system
2175,circuit diagram
2176,based model
2177,vbscript
2178,analysis skills
2179,sun certify java developer
2180,couchdb
2181,ibm i
2182,distributed design
2183,circleci
2184,preventive maintenance
2185,exhibitions
2186,internet protocol
2187,rtsp
2188,iptv
2189,hindi
2190,marathi
2191,hook
2192,design process
2193,dot
2194,database structure
2195,autoit
2196,uipath
2197,blueprism
2198,linux system
2199,permutations
2200,cordova
2201,native code
2202,apache cordova
2203,business reporting
2204,query performance
2205,query tuning
2206,modeling skills
2207,automated infrastructures
2208,aws services
2209,cloud9
2210,hyperledger
2211,software estimation
2212,automated code
2213,good practice
2214,cocos2d
2215,flixel
2216,pygame
2217,demonstrated skill
2218,smoke tests
2219,process automation
2220,conversational ai
2221,personalized
2222,application lifecycle
2223,design interfaces
2224,processing events
2225,integration testing
2226,elk stack
2227,interaction designers
2228,time complexity
2229,localization
2230,riak
2231,common frameworks
2232,ansi sql
2233,stack trace
2234,technical support
2235,blob
2236,master data management
2237,agile process
2238,diagram
2239,system management
2240,hipaa
2241,drupal
2242,visual design
2243,time management
2244,design clean
2245,object business
2246,build tool
2247,reading
2248,requirement analysis
2249,equity
2250,browser compatible
2251,test runner
2252,java concurrency
2253,apache zookeeper
2254,drill
2255,windows shell
2256,uikit
2257,app store
2258,support services
2259,bug reports
2260,regular expression
2261,search queries
2262,developed process
2263,abstracted
2264,ionic framework
2265,underscore js
2266,process mapping
2267,business systems
2268,services applications
2269,angular cli
2270,solid principle
2271,basic skills
2272,application layer
2273,application integrations
2274,crucible
2275,video conferencing
2276,data warehouse data
2277,robot
2278,server management
2279,system monitoring
2280,cloud migration
2281,fleet management
2282,wms
2283,dds
2284,robot operating system
2285,senior engineer
2286,industrial network
2287,devicenet
2288,architecture modelling
2289,engineering electronics
2290,stepper
2291,pid
2292,bus systems
2293,pic microcontroller
2294,microchip
2295,misra c
2296,function generators
2297,functionality testing
2298,vhdl
2299,hapi js
2300,loopback
2301,strongloop
2302,enterprise server
2303,java server
2304,enterprise applications
2305,developing applications
2306,branding
2307,code code
2308,process software
2309,windows desktop
2310,data profiling
2311,mailchimp
2312,infusionsoft
2313,quickbooks
2314,shopify
2315,server administration
2316,business object
2317,certified systems architect
2318,pla
2319,linux oracle
2320,websphere mq
2321,enterprise systems
2322,cloud developer
2323,jd
2324,pixel perfect
2325,standard compliant
2326,hand coding
2327,xhtml
2328,web browser
2329,responsive web design
2330,magento
2331,identityiq
2332,project scope
2333,managing project
2334,systems integrator
2335,beanshell
2336,identity management
2337,rbac
2338,usability testing
2339,mattermost
2340,machine algorithms
2341,java ee application
2342,estimating
2343,ibm utility
2344,collaborations
2345,application environment
2346,database application
2347,engineering design
2348,analytics software
2349,english language
2350,productivity systems
2351,interaction
2352,echo
2353,cluster compute
2354,data engineers
2355,domain specific language
2356,visualizations
2357,analytic techniques
2358,complex problem solve
2359,statistics
2360,statistical testing
2361,random forests
2362,google workspace
2363,spotfire
2364,engineering aerospace
2365,builder tool
2366,airworthiness
2367,standard practices
2368,compassion
2369,catalyst
2370,cctv
2371,access control
2372,eye
2373,firebase
2374,learning technology
2375,aesthetic design
2376,functional utility
2377,adaptive design
2378,evidence based
2379,structured cabling
2380,service delivery
2381,administrative skill
2382,architecture components
2383,screen size
2384,agile processes
2385,ios sdk
2386,interface guidelines
2387,cocoa touch
2388,appraisal
2389,indesign
2390,xd
2391,umbraco
2392,gateway applications
2393,net mvc
2394,stakeholder engagement
2395,designs software
2396,timely execution
2397,report generation
2398,material handling
2399,logistics
2400,trello
2401,dms
2402,plc
2403,socket programming
2404,optical character recognition
2405,robotic process automation
2406,machinery
2407,management plan
2408,rdp
2409,mpls
2410,core service
2411,san
2412,voip
2413,veeam
2414,cloud backup
2415,backup solutions
2416,sharepoint administration
2417,endpoint manager
2418,lightning component
2419,integrate
2420,virtual machine
2421,landing zones
2422,azure policy
2423,infrastructure services
2424,reverse proxy
2425,management api
2426,level technology
2427,network administrators
2428,negotiation
2429,spacy
2430,cloud systems
2431,consults
2432,researches
2433,integration designs
2434,sox
2435,telematics
2436,gprs
2437,blueprints
2438,specification requirements
2439,optimal design
2440,governance policies
2441,blackline
2442,job scheduler
2443,benchmark
2444,adaptable
2445,workflow engine
2446,specific functionality
2447,specifications
2448,consultancy
2449,retail banking
2450,drivetrain
2451,hydraulics
2452,delivery focus
2453,ocr
2454,document processing
2455,technical reference
2456,parsing
2457,web scraping
2458,pdf
2459,file system
2460,vmware esx
2461,informal technical
2462,zfs
2463,coding
2464,developed software
2465,researching
2466,patents
2467,punctual
2468,typed
2469,functional programing
2470,feasibility study
2471,actuators
2472,directory service
2473,virtualized
2474,vmware vsphere
2475,system analysis
2476,vmware server
2477,esx
2478,vcenter
2479,operations manager
2480,drs
2481,window server
2482,xenapp
2483,netscaler
2484,powercli
2485,user guide
2486,write
2487,coordinates
2488,vcp
2489,dcv
2490,pe
2491,rig
2492,installs
2493,design power
2494,technical standard
2495,food
2496,upskill
2497,microsoft power platform
2498,mechanical engineering
2499,compressors
2500,pumps
2501,switchgear
2502,control panel
2503,web java
2504,server faces
2505,azure kubernetes
2506,optic
2507,architectural drawing
2508,quotations
2509,computer system
2510,device development
2511,cfr
2512,gmp
2513,information systems
2514,scada
2515,automated systems
2516,computerized system validation
2517,software updates
2518,plant maintenance
2519,calibration
2520,mitigated risks
2521,mvs
2522,engineering packages
2523,insulation
2524,ppm
2525,ventilation
2526,building services
2527,plumbing
2528,e e
2529,registration
2530,uninterruptible power supply
2531,technological solutions
2532,data architecture
2533,business process
2534,team leadership
2535,workflow management
2536,pumping
2537,jabber
2538,windows pc
2539,relationship building
2540,refactor code
2541,clang
2542,cae
2543,cuda
2544,core product
2545,build environment
2546,compilers
2547,woocommerce
2548,cloud host
2549,data visualizations
2550,composure
2551,pardot
2552,working environment
2553,pixel perfection
2554,sketch
2555,authorization systems
2556,access management
2557,pam
2558,security requirements
2559,conceptual architecture
2560,architecture standards
2561,service fabric
2562,service bus
2563,advanced rest
2564,mule
2565,file transfer
2566,managed file
2567,cyber risk
2568,intrusion detection
2569,sans
2570,install
2571,auditing performance
2572,database administration
2573,information governance
2574,microsoft service
2575,data export
2576,hardware interfaces
2577,investigates
2578,innovative product
2579,product software
2580,cost benefit
2581,specific performance
2582,datum hub
2583,azure monitor
2584,graphite
2585,collected
2586,messaging system
2587,aerospike
2588,event management
2589,data interface
2590,autodesk 3ds max
2591,animation
2592,hybrid cloud
2593,administrative management
2594,security assessments
2595,feature detection
2596,mailgun
2597,platform automation
2598,regression tests
2599,collaborates
2600,software control
2601,advisory
2602,failure mode and effect analysis
2603,java gui
2604,consultant
2605,group policy
2606,high frequency
2607,react redux
2608,netsuite oneworld
2609,product requirement
2610,lsr
2611,job description
2612,license
2613,servsafe
2614,food safety
2615,management certification
2616,cash register
2617,computer keyboard
2618,applicable test
2619,business process improvement
2620,reengineering
2621,data synthesis
2622,commissioning
2623,voltage
2624,alternator
2625,operator
2626,wonderware
2627,server client
2628,simulator
2629,adobe creative suite
2630,adobe illustrator
2631,predictive modeling
2632,manageable tasks
2633,deep dive
2634,coding test
2635,asynchronous communication
2636,lte
2637,physical layer
2638,integrations data
2639,coroutines
2640,ui guideline
2641,readability
2642,esd
2643,punctuality
2644,communication leadership
2645,web crawler
2646,objective c
2647,concurrency pattern
2648,professional service
2649,oracle rac
2650,rman
2651,expdp
2652,impdp
2653,enterprise integration
2654,customer success
2655,pre sales
2656,high voltage
2657,graphical user interface
2658,disabilities
2659,applescript
2660,problem diagnosis
2661,sprint plans
2662,review application
2663,java certifications
2664,integration architecture
2665,adapter
2666,software project
2667,conditional statement
2668,excel pivot charts
2669,embed c
2670,system linux
2671,radar
2672,gps
2673,targetlink
2674,java native interface
2675,write english
2676,creativity
2677,marketing verticals
2678,mathematical programming
2679,drools
2680,data services
2681,php frameworks
2682,warehouse teradata
2683,coordinated
2684,digital transformation
2685,zoom
2686,magento2
2687,researched
2688,revenue stream
2689,batch processing
2690,trajectory
2691,cpq salesforce
2692,salesforce administrator
2693,service architectures
2694,data specialists
2695,secure restful
2696,authentication protocol
2697,datum log
2698,triaging
2699,reconciliation
2700,mechanism design
2701,urban
2702,requisition
2703,conceptual architectural
2704,oracledb
2705,image processing
2706,opencv
2707,vscode
2708,redmine
2709,parsec
2710,aesthetic
2711,rendering
2712,flow diagrams
2713,pseudocode
2714,activemq
2715,architecture design
2716,pools
2717,yield
2718,farming
2719,memsql
2720,sustainable technology
2721,technology roadmap
2722,change request
2723,java enterprise edition
2724,pair programming
2725,python libraries
2726,application developer
2727,common language runtime
2728,clr
2729,test test development
2730,test test
2731,test steps
2732,spectrum analyze
2733,dspace
2734,canalyzer
2735,canape
2736,stateflow
2737,mcu
2738,vcu
2739,control software
2740,test driven
2741,offensive security
2742,financial system
2743,distributed designs
2744,accounting tax
2745,user requirements
2746,git flow
2747,object orient javascript
2748,queueing system
2749,changing agile
2750,azure service bus
2751,caffe
2752,scikit learn
2753,services based
2754,db2 sql
2755,report design
2756,bilingual
2757,delphi
2758,lifecycle phases
2759,researcher
2760,graph database
2761,implementation phases
2762,design databases
2763,safety standard
2764,automotive manufacturers
2765,innovative products
2766,recruitment process
2767,modem
2768,trace32
2769,pcm
2770,hardware interface design
2771,openmax
2772,hal
2773,gstreamer
2774,audio processing
2775,transcoding
2776,audio codec
2777,device driver
2778,video encoding
2779,multimedia software
2780,kernel mode
2781,safety systems
2782,mobile device
2783,virtualized device
2784,pinterest
2785,dialog system
2786,web engineers
2787,language modeling
2788,entity recognition
2789,gensim
2790,nltk
2791,model view controller
2792,azure data
2793,data mart
2794,data data data
2795,data data
2796,data engineering data
2797,cluster computing
2798,business process management
2799,process management
2800,test drive development
2801,client server
2802,googletest
2803,software licensing
2804,azure service fabric
2805,resource monitor
2806,dimensional modelling
2807,service improvement
2808,training engineers
2809,development testing
2810,application designing
2811,validations
2812,booking system
2813,php development
2814,aep
2815,customer journey
2816,audience segmentation
2817,campaign management
2818,javascript frameworks
2819,network storage
2820,microsoft azure certification
2821,microsoft office
2822,abap
2823,tool development
2824,sap lumira
2825,functional skills
2826,developed systems
2827,full stack software engineering
2828,database engine
2829,er diagram
2830,crons
2831,code documentation
2832,solidity
2833,quorum
2834,engagement strategy
2835,test harness
2836,enhanced services
2837,sale
2838,aruba
2839,projects solutions
2840,microsoft server
2841,archival data
2842,data transformation
2843,modelling data
2844,graphdb
2845,postgis
2846,geographic information system
2847,data patterns
2848,data query
2849,reliability engineer
2850,tested scalable
2851,stress tests
2852,complex code
2853,gis
2854,application suites
2855,airline systems
2856,technical documents
2857,consumer relationship
2858,self motivated self
2859,compatible
2860,throughputs
2861,fantom
2862,operation support
2863,broker dealer
2864,mern
2865,analysis service
2866,data formatting
2867,refining
2868,geospatial dataset
2869,stochastic models
2870,sms
2871,certified associate
2872,coroutine
2873,retrofit
2874,algorithmic trading
2875,subnets
2876,cloudtrail
2877,collaboration tooling
2878,itil certification
2879,ansible playbook
2880,mental agility
2881,augment reality
2882,snap
2883,memcache
2884,investigations
2885,electronic engineering
2886,high tech
2887,developing testing
2888,testing systems
2889,wireless systems
2890,engineering physics
2891,vmware infrastructure
2892,functional product
2893,configurators
2894,blueprint
2895,ar
2896,3d software
2897,lifecycle process
2898,manual test
2899,firebird
2900,integration services
2901,health informatics
2902,informatics
2903,cyber security standard
2904,regulatory requirement
2905,remedial action
2906,cyber threats
2907,cpt
2908,data partitioning
2909,restore
2910,product specialists
2911,codeception
2912,manage project
2913,biochemistry
2914,configuration files
2915,configuration file
2916,model development
2917,biosensor
2918,jmp
2919,sdes
2920,code reviewers
2921,vectorized
2922,business unit
2923,incremental build
2924,technical assistance
2925,power management
2926,electrical circuits
2927,semiconductor device
2928,reliability testing
2929,exploratory analyses
2930,programming environment
2931,technical auditing
2932,project implementation
2933,advisement
2934,preparedness
2935,csa
2936,advanced certifications
2937,microsoft window
2938,virtual desktop
2939,endpoint management
2940,presales
2941,leadership team
2942,messaging middleware
2943,tibco ems
2944,bitcoin
2945,supply chain
2946,supply chain planning
2947,js react
2948,pneumatics
2949,stakeholder manager
2950,interactive design
2951,interactive technologies
2952,java web
2953,primefaces
2954,design systems
2955,security test
2956,threat modelling
2957,software security
2958,xml schema
2959,source code
2960,software practices
2961,deployment management
2962,rapid development
2963,photogrammetrists
2964,journals
2965,data queries
2966,asana
2967,geomatics
2968,remote sensing
2969,services software
2970,server page
2971,apache cxf
2972,jenkin
2973,oracle business intelligence enterprise edition
2974,data analysis
2975,qlikview
2976,analogue
2977,design circuits
2978,obsolescence
2979,verilog
2980,digital signal
2981,digital signal processing
2982,refined
2983,collaboratively
2984,design configurable
2985,sql sql server
2986,domain modeling
2987,database sql
2988,spark framework
2989,server dynamo
2990,oriented team
2991,social networking
2992,cloud computing architecture
2993,source language
2994,objected oriented
2995,microsoft clustering
2996,microsoft windows
2997,apple mac
2998,streamlined
2999,elasticache
3000,spring webflux
3001,model prediction
3002,cross cultural
3003,einstein analytic
3004,cloning
3005,automated framework
3006,certified implementation specialist
3007,development theory
3008,race condition
3009,cfnetwork
3010,microstrategy web
3011,visual insights
3012,widgets
3013,dart
3014,code structure
3015,coding structure
3016,local storage
3017,crashlytics
3018,mapbox
3019,agile testing
3020,disassemblers
3021,codeigniter
3022,intellij idea
3023,cdn
3024,elastic beanstalk
3025,jscript
3026,application interface
3027,database transaction
3028,programming database
3029,lumira
3030,contingency plan
3031,cloudfoundry
3032,factset
3033,polished
3034,lateral thinking
3035,healthcare analytic
3036,azure cosmos
3037,process diagrams
3038,block diagram
3039,code designing
3040,sql agent
3041,asp net mvc framework
3042,log analysis
3043,snort
3044,squid
3045,pfsense
3046,query design
3047,managing cloud
3048,scripting java
3049,template libraries
3050,graphic toolkits
3051,ip address
3052,subnet
3053,network hardware
3054,project based
3055,hubspot
3056,development life cycle
3057,silicon
3058,adcs
3059,algorithmic
3060,performance engineering
3061,storage system
3062,encapsulation
3063,solr
3064,application web
3065,design layouts
3066,key performance indicator
3067,predictive models
3068,data extraction
3069,calculated
3070,hana
3071,azure kubernete service
3072,ws security
3073,versioning control
3074,fedora
3075,logging frameworks
3076,log4j
3077,openembedded
3078,yocto project
3079,automotive industry
3080,git stash
3081,cmake
3082,bitbake
3083,spice
3084,chromecast
3085,boot loader
3086,kernel libraries
3087,elastic kubernetes service
3088,edit
3089,critical thinking
3090,buyout
3091,vpn tunnel
3092,vmware horizon
3093,spark streaming
3094,distributed computing
3095,advanced certification
3096,system business
3097,business
3098,hosted
3099,wcms
3100,ehcache
3101,resource management
3102,resource management system
3103,apache oozie
3104,sagemaker
3105,zeromq
3106,angular angular
3107,business analytic
3108,develop web
3109,acceptance test
3110,estimate project
3111,ganglia
3112,samba
3113,lustre
3114,systems knowledge
3115,security audit
3116,security audits
3117,production quality
3118,iic
3119,simd
3120,cheminformatics
3121,learn agility
3122,preventive action
3123,pfmea
3124,monitor system
3125,support business
3126,targeted
3127,regression test
3128,customer value
3129,enodeb
3130,hardware accelerators
3131,goal orient
3132,data cleaning
3133,system resources
3134,video processing
3135,graphics api
3136,authentications
3137,octopus deploy
3138,azure applications
3139,arcmap
3140,gis application
3141,base models
3142,layer data
3143,feature extraction
3144,cloud application
3145,professional training
3146,network protocols
3147,architecture pattern
3148,tasks planning
3149,red hat
3150,listening skill
3151,evpn
3152,bios
3153,security policy
3154,standard operating procedure
3155,service pack
3156,desktop software
3157,software distribution
3158,video systems
3159,managing escalations
3160,modern workplace
3161,azure mfa
3162,tablets
3163,solution design
3164,dmz
3165,desktop administrator
3166,managing endpoints
3167,code based
3168,general mathematical
3169,calculations
3170,performance team
3171,service assurance
3172,network automation
3173,webstorm
3174,java apis
3175,database development
3176,software suite
3177,actuarial science
3178,credit risk
3179,sas base
3180,automated integration
3181,experimental
3182,positivity
3183,recruitment selection
3184,brightscript
3185,scenegraph
3186,transceiver
3187,code software
3188,c embedded
